Feature,1.1,1.2,2.1,2.2,3.1,3.2,4.1,4.2,4.3,Domain
Aged 16-24  ,-0.37450387,0.289795698,0.631757909,0.513237551,-0.804716227,-0.428173519,-0.013743826,-0.526958899,-0.350110414,People
Aged 25-34  ,-0.338176453,1.212575362,0.554005515,0.400022638,-1.214260907,-0.400613036,0.304729626,-0.521384918,-1.00273841,People
Aged 35-49  ,-0.123988281,0.94213032,0.13992763,0.120157025,-0.784935791,-0.451360336,0.629370397,-0.56234855,-0.046319367,People
Aged 50-64  ,0.300592407,-0.826171233,-0.577051918,-0.461922848,1.308115145,0.508262809,-0.203201434,0.449089984,0.617285439,People
Female  ,0.059547974,-0.106640594,-0.051286805,0.143957695,-0.155950789,-0.090116391,0.051900111,0.104709644,-0.080913602,People
Never Married or Partnership  ,-0.504845016,1.017679127,0.775187272,0.659710959,-1.236294552,-0.489025629,0.195039265,-0.685697674,-1.086262266,People
Divorced or Widowed  ,0.174488358,-0.807977701,0.027823167,0.112638337,0.02415159,0.42704196,-0.21146703,0.377941583,-0.527194645,People
Household 1 Person  ,-0.216938302,0.547241292,0.479011454,0.234373192,-0.608848145,-0.085725937,-0.089486422,-0.15645684,-1.06294994,Household Composition
Household 2 People  ,0.349503224,-0.09096346,-0.815269742,-0.755467709,1.311081359,0.623650088,-0.198855572,0.636402136,0.562829917,Household Composition
Household 3-5 People  ,0.059635844,-0.411567813,-0.06879201,0.225766774,-0.274220938,-0.245420338,0.334697289,-0.19691377,0.641858437,Household Composition
Household 6 Plus People  ,-0.283456281,-0.217145744,0.54393367,0.421280106,-0.361507002,-0.329266264,-0.179379202,-0.284151892,-0.295513917,Household Composition
Managerial Admin Professional  ,0.352220143,0.954578349,-0.908043713,-0.966852655,0.723022458,0.072566243,0.525849425,0.113709119,1.157938185,Socioeconomic
Routine Occupations  ,-0.172390251,-0.894479046,0.687828081,0.866074116,-0.787020997,0.037841014,-0.410438596,0.014169683,-1.120783055,Socioeconomic
Never Worked or Long Term Unemployed  ,-0.437854864,-0.445409682,0.908414341,0.921959867,-0.875529979,-0.319287735,-0.459647886,-0.209020653,-1.002698539,Socioeconomic
Students  ,-0.36267372,0.505415574,0.509921166,0.392716268,-0.662032873,-0.646214929,0.081234098,-0.556758255,-0.044068494,Socioeconomic
Economically Active  ,0.045949389,1.158392483,-0.225206182,-0.231654732,-0.339526329,-0.186667663,0.730399145,-0.410870113,0.047685284,Socioeconomic
Economically Inactive Retired  ,0.475598578,-0.93434141,-0.625666987,-0.526752497,0.903862658,0.504087347,-0.367287628,0.871621852,0.579789619,Socioeconomic
No or Level 1 Qualification  ,-0.229503401,-1.133447749,0.731106433,0.896757964,-0.5978916,0.012211707,-0.539463603,0.056132262,-0.993906642,Socioeconomic
Level 4 Qualification or Above  ,0.113417779,1.238293424,-0.558364733,-0.798673171,0.540042727,-0.146962735,0.486953305,-0.204304145,0.858943043,Socioeconomic
Deprived 2 Plus Dimensions  ,-0.474932921,-0.499375083,0.985127397,1.036897891,-0.91110093,-0.142163474,-0.460822553,-0.249540969,-1.361107321,Socioeconomic
Convenience Shopping  ,0.028456999,0.595745041,-0.088123059,-0.134208626,-0.215080816,-0.024148413,0.359788875,-0.1884517,-0.08570804,Shopping
Discounter Shopping  ,-0.568407545,0.691674871,0.800240767,0.496918697,-0.473925623,-0.12789592,-0.244725529,-0.368156747,-1.499189048,Shopping
Premium Shopping  ,0.492926312,-0.913354326,-0.712649544,-0.480386585,0.734250935,0.377043782,-0.136047774,0.728143212,1.007248261,Shopping
Mid-Range Shopping  ,0.478343442,-0.678400911,-0.655831404,-0.31567249,0.349342497,0.028482199,0.241881025,0.242897984,1.310151539,Shopping
Income Less Than 50K  ,-0.508663387,0.753427588,0.784337349,0.625167273,-0.8449971,-0.105415577,0.115827797,-0.68772573,-1.418141217,Shopping
Income More Than 100K  ,0.131528477,-1.195254305,-0.065382541,-0.043473226,0.435224586,0.116785709,-0.385165055,0.507392161,0.480465735,Shopping
Physical or Outdoor Activities  ,0.553944813,-0.236379685,-0.888984532,-0.988066225,1.039918803,0.08498158,-0.03926,0.668728785,1.420710351,Lifestyle
Hobbies and Creative  ,-0.444427014,-0.2476418,0.576702146,0.87149706,-0.542376404,0.002399161,-0.026958778,-0.536233679,-0.605808918,Lifestyle
People Who Gamble  ,-0.098947461,0.480596755,0.262737684,-0.157664402,-0.138348929,-0.494984264,-0.443997498,0.36585451,-0.439798199,Lifestyle
Dining and Social Activities  ,0.664873477,-0.637218665,-0.961588517,-0.869510335,0.9714592,0.282487154,-0.020283085,0.836988303,1.282414279,Lifestyle
Cinema Theatre Concert  ,0.48829846,-0.638250383,-0.769539601,-0.711532986,1.013515345,0.074426582,-0.308900446,0.758685022,1.357850485,Lifestyle
People Take 2 Plus Holidays  ,0.211556447,-0.559394782,-0.23315562,-0.196226581,0.458309364,0.320869782,0.035091146,0.151137595,0.200974248,Lifestyle
Have Pets  ,0.160797404,0.825110579,-0.21300062,-0.280849238,-0.414793686,0.005926103,0.704962218,-0.23104314,-0.12068101,Lifestyle
Has Insurance  ,0.320801906,-0.559602794,-0.569399519,-0.574500477,1.051870393,0.196600882,-0.654182114,0.890480742,0.797505993,Financial
Has Investments  ,0.572115247,-0.625980326,-0.921474562,-0.855877683,1.223645213,0.399059302,-0.090528934,0.723234364,1.208761644,Financial
Always Payoff Credit Card  ,0.571286992,-0.818246204,-0.934812916,-0.662723967,1.037051178,0.409083249,0.112698699,0.497769958,1.471839419,Financial
Income Under 20K  ,-0.566482092,0.789947547,0.93754082,0.708145453,-1.088609884,-0.389489018,-0.100813517,-0.524690786,-1.474368564,Financial
Income 20K-50K  ,0.508487964,-0.465428435,-0.595946945,-0.181273218,-0.109906295,0.294727858,0.499359026,0.574243903,0.073130631,Financial
Income 50K Plus  ,0.530454759,-0.824978739,-0.935039456,-0.752389363,1.291871052,0.487493341,0.043995107,0.4961707,1.473369677,Financial
Social Rented  ,-0.567191461,-0.248851551,0.876549785,1.000104408,-0.645911782,-0.169975468,-0.300391198,-0.621318928,-0.874535049,Financial
Owns with Mortgage or Loan  ,0.566739335,-0.156406846,-0.814163659,-0.570050806,0.17406136,0.109820504,0.607637044,0.389759067,0.993387392,Financial
Private or Free Rent  ,-0.349592992,1.207878203,0.525122721,0.111860904,-0.528818211,-0.26497003,0.282217634,-0.628025056,-1.077485884,Financial
Has Internet Access  ,0.475444247,-0.884189992,-0.854366918,-0.479270811,1.039150012,0.435082778,-0.022432678,0.576186122,1.203074563,Online
Online Never  ,-0.599432156,0.723978853,0.960270026,0.785758992,-1.077634548,-0.37516733,0.065549914,-0.710084699,-1.44639748,Online
Online Often  ,0.24381788,-0.566397128,-0.628284018,-0.594656821,1.395906345,0.410164063,-0.081394729,0.102728865,1.248771344,Online
Online Sometimes or Rarely  ,0.648030364,-0.646667285,-0.892883008,-0.695859729,0.626157123,0.304928563,-0.006341232,0.871800232,1.105512668,Online
IUC Online Retail Engagement  ,0.34893646,1.362776329,-0.982662893,-0.892164964,0.424213216,0.067492259,0.863243941,-0.073317881,1.061975321,Online
High PT Supermarket Access  ,0.97511128,0.947195439,0.97511128,-1.02552398,-1.014405479,-1.02552398,-1.02552398,-1.02552398,-1.02552398,Accessibility
High PT Suburban Access  ,-0.103869896,0.491341056,0.322474464,-0.111633833,-0.270277695,-0.271650688,-0.123376735,-0.207042461,-0.258049488,Accessibility
High Car Access Supermarket  ,0.152848452,0.153783998,0.153783998,0.145044728,-1.517832968,-0.138465457,0.139597274,0.151805867,0.136606163,Accessibility
Urban Setting  ,0.025263372,0.456376954,0.3839194,0.403406236,-2.142342522,-2.142342522,0.466778767,0.466778767,0.466778767,Accessibility
No Cars or Vans in Household  ,-0.48115986,0.790728837,0.961624576,0.733540804,-1.400588047,-0.72260536,-0.195224354,-0.44894226,-1.222529726,Accessibility
